id,first_name,last_name,email,gender,app
1,Vail,Ewdale,vewdale0@wufoo.com,Female,Quo Lux
2,Siouxie,Reide,sreide1@is.gd,Agender,Span
3,Aleen,Dulwich,adulwich2@zimbio.com,Agender,Regrant
4,Cassaundra,Castro,ccastro3@storify.com,Bigender,Zamit
5,Rana,Mattiassi,rmattiassi4@seesaa.net,Female,Cardguard
6,Graehme,Olivetta,golivetta5@irs.gov,Non-binary,Flexidy
7,Radcliffe,Fairbeard,rfairbeard6@mozilla.org,Genderqueer,Veribet
8,Ulric,Byrom,ubyrom7@com.com,Male,Prodder
9,Ilario,Sibyllina,isibyllina8@scientificamerican.com,Genderqueer,Duobam
10,Maegan,Duplain,mduplain9@linkedin.com,Male,Temp
11,Zsazsa,Sleeman,zsleemana@wired.com,Agender,Temp
12,Hermon,Hanselmann,hhanselmannb@wunderground.com,Genderfluid,Overhold
13,Shelagh,Hearmon,shearmonc@ezinearticles.com,Genderqueer,Bitwolf
14,Rowan,Hupe,rhuped@upenn.edu,Non-binary,Stim
15,Pail,Aumerle,paumerlee@google.pl,Agender,Latlux
16,Raquela,Bruno,rbrunof@springer.com,Female,Stringtough
17,Mirabella,Bellwood,mbellwoodg@weather.com,Polygender,Veribet
18,Rosaleen,Gribble,rgribbleh@oaic.gov.au,Female,Mat Lam Tam
19,Fleming,Kreutzer,fkreutzeri@shop-pro.jp,Bigender,Treeflex
20,Brett,Petrichat,bpetrichatj@army.mil,Male,Aerified
21,Janaye,Pavinese,jpavinesek@springer.com,Female,Daltfresh
22,Sig,Caldecot,scaldecotl@bloglovin.com,Non-binary,Kanlam
23,Kassie,O'Gormally,kogormallym@technorati.com,Genderfluid,Zontrax
24,Tedie,Manjot,tmanjotn@dot.gov,Non-binary,Treeflex
25,Melicent,Colliard,mcolliardo@google.ca,Genderqueer,Bamity
26,Kristien,Winspurr,kwinspurrp@uol.com.br,Polygender,Bigtax
27,Francesco,Montez,fmontezq@ehow.com,Polygender,Solarbreeze
28,Robin,Windle,rwindler@techcrunch.com,Male,Pannier
29,Tildie,Hendriksen,thendriksens@reverbnation.com,Polygender,Overhold
30,Florry,Lanceter,flancetert@admin.ch,Non-binary,Voltsillam
31,Purcell,Quennell,pquennellu@flickr.com,Bigender,Alpha
32,Caspar,Pinare,cpinarev@artisteer.com,Genderqueer,Flowdesk
33,Greer,Dumsday,gdumsdayw@hatena.ne.jp,Genderqueer,Konklux
34,Codee,Farry,cfarryx@squidoo.com,Bigender,Zontrax
35,Leoline,Humber,lhumbery@naver.com,Non-binary,Konklab
36,Velvet,Jenno,vjennoz@over-blog.com,Bigender,Stim
37,Lucie,Cowle,lcowle10@tmall.com,Male,Pannier
38,Wes,Trevance,wtrevance11@utexas.edu,Male,Tempsoft
39,Glennie,Simonetto,gsimonetto12@thetimes.co.uk,Polygender,Stim
40,Randi,Shoebrook,rshoebrook13@drupal.org,Male,Redhold
41,Max,Pawley,mpawley14@imageshack.us,Genderfluid,Flowdesk
42,Colline,McCormick,cmccormick15@jigsy.com,Male,Alpha
43,Tobie,Cuseck,tcuseck16@photobucket.com,Male,Otcom
44,Kyrstin,Softley,ksoftley17@hubpages.com,Genderfluid,Viva
45,Marie-ann,Cauley,mcauley18@msn.com,Agender,Lotlux
46,Guillermo,Thurborn,gthurborn19@phpbb.com,Non-binary,Alphazap
47,Kipp,Axup,kaxup1a@omniture.com,Female,Sonair
48,Elana,Garroch,egarroch1b@google.es,Polygender,Ventosanzap
49,Rakel,Warin,rwarin1c@apple.com,Genderfluid,Veribet
50,Travers,Tzarkov,ttzarkov1d@printfriendly.com,Genderqueer,Sonair
51,Ellene,Fillan,efillan1e@thetimes.co.uk,Female,Cardify
52,Shana,Gradley,sgradley1f@mayoclinic.com,Male,Flowdesk
53,Greggory,Pestridge,gpestridge1g@wikipedia.org,Polygender,Flowdesk
54,Rutledge,Large,rlarge1h@archive.org,Non-binary,Latlux
55,Minette,Langfield,mlangfield1i@dedecms.com,Agender,Daltfresh
56,Barty,Goublier,bgoublier1j@independent.co.uk,Bigender,Mat Lam Tam
57,Jessamine,Acreman,jacreman1k@amazon.de,Genderqueer,Cookley
58,Roy,Ferschke,rferschke1l@bing.com,Male,Temp
59,Lavina,Reeders,lreeders1m@hubpages.com,Polygender,Wrapsafe
60,Stavro,Budd,sbudd1n@ovh.net,Bigender,Sonair
61,Berkly,Penman,bpenman1o@cocolog-nifty.com,Polygender,Sonair
62,Kippie,Ferrillio,kferrillio1p@springer.com,Bigender,Otcom
63,Chance,Desmond,cdesmond1q@networksolutions.com,Bigender,Job
64,Tobit,Snasel,tsnasel1r@quantcast.com,Non-binary,Stim
65,Hardy,Simonetto,hsimonetto1s@gmpg.org,Genderqueer,Mat Lam Tam
66,Paddy,Paulley,ppaulley1t@altervista.org,Male,Voltsillam
67,Greg,Plaschke,gplaschke1u@studiopress.com,Male,Lotstring
68,Sandy,Batty,sbatty1v@multiply.com,Non-binary,Y-find
69,Lauryn,Djuricic,ldjuricic1w@who.int,Agender,Tresom
70,Briana,Rikard,brikard1x@addthis.com,Polygender,Fixflex
71,Mattias,Huxham,mhuxham1y@slideshare.net,Genderqueer,Greenlam
72,Albrecht,Pentony,apentony1z@furl.net,Female,Latlux
73,Salem,Lesper,slesper20@360.cn,Genderqueer,Job
74,Giraldo,Clutterham,gclutterham21@yahoo.co.jp,Non-binary,Temp
75,Matthaeus,Wagon,mwagon22@quantcast.com,Agender,Lotlux
76,Elroy,Conklin,econklin23@google.ca,Genderfluid,Tempsoft
77,Jyoti,Keppel,jkeppel24@ibm.com,Female,Redhold
78,Robenia,Paolo,rpaolo25@people.com.cn,Non-binary,Wrapsafe
79,Conan,Cantillon,ccantillon26@answers.com,Bigender,Span
80,Liane,Gathercoal,lgathercoal27@elpais.com,Male,Zamit
81,Darius,Ingarfield,dingarfield28@alexa.com,Genderfluid,Hatity
82,Sapphire,Degoe,sdegoe29@parallels.com,Bigender,Zontrax
83,Melisenda,Litel,mlitel2a@narod.ru,Non-binary,Domainer
84,Cynthie,Gaunson,cgaunson2b@indiegogo.com,Female,Aerified
85,Deloris,Rannells,drannells2c@gizmodo.com,Female,Fix San
86,Granny,Hasel,ghasel2d@cyberchimps.com,Polygender,Lotlux
87,Scotti,Cokayne,scokayne2e@lulu.com,Genderfluid,Flowdesk
88,Royall,Birtle,rbirtle2f@yahoo.co.jp,Bigender,Span
89,Jonie,Beadnall,jbeadnall2g@github.com,Male,Trippledex
90,Kara,Chatto,kchatto2h@simplemachines.org,Non-binary,Tempsoft
91,Muhammad,Chaize,mchaize2i@blinklist.com,Genderfluid,Stringtough
92,Arvy,Colerick,acolerick2j@drupal.org,Agender,Andalax
93,Gaspard,Yirrell,gyirrell2k@paypal.com,Male,Cardify
94,Tracie,Salleir,tsalleir2l@macromedia.com,Genderqueer,Alphazap
95,Elle,Unsworth,eunsworth2m@marriott.com,Agender,Latlux
96,Rachelle,MacCome,rmaccome2n@a8.net,Agender,Zoolab
97,Kurtis,McCormack,kmccormack2o@youtu.be,Non-binary,Bigtax
98,Oralle,Meaton,omeaton2p@wp.com,Polygender,Duobam
99,Vania,Rodenborch,vrodenborch2q@mayoclinic.com,Genderfluid,Job
100,Nahum,O' Hern,nohern2r@histats.com,Female,Konklab
101,Ibbie,Meek,imeek2s@instagram.com,Female,Wrapsafe
102,Lorenzo,Carnier,lcarnier2t@dedecms.com,Genderqueer,Bitwolf
103,Dallas,Pere,dpere2u@fastcompany.com,Bigender,Fixflex
104,Winny,Erie,werie2v@google.ca,Genderqueer,Mat Lam Tam
105,Franky,Branca,fbranca2w@blogs.com,Female,Trippledex
106,Devina,Mawdsley,dmawdsley2x@wordpress.com,Bigender,Matsoft
107,Broderick,Beaufoy,bbeaufoy2y@weebly.com,Polygender,Cardify
108,Cher,Cow,ccow2z@angelfire.com,Agender,Bitwolf
109,Avis,McAnulty,amcanulty30@hc360.com,Male,Fixflex
110,Emily,McCullagh,emccullagh31@vkontakte.ru,Female,Sub-Ex
111,Obadiah,Manvelle,omanvelle32@jugem.jp,Polygender,Opela
112,Ebony,Shannahan,eshannahan33@webmd.com,Genderfluid,Home Ing
113,Ricki,Stener,rstener34@virginia.edu,Bigender,Tresom
114,Mignon,Outibridge,moutibridge35@is.gd,Genderqueer,Veribet
115,Everett,Geoghegan,egeoghegan36@scribd.com,Polygender,Cardguard
116,Winne,Coase,wcoase37@google.com.hk,Female,Sub-Ex
117,Gualterio,Parramore,gparramore38@ft.com,Genderfluid,Sub-Ex
118,Willdon,Herrieven,wherrieven39@weebly.com,Bigender,Tin
119,Rosella,Stranaghan,rstranaghan3a@yandex.ru,Male,Asoka
120,Clary,Camsey,ccamsey3b@huffingtonpost.com,Male,Alpha
121,Kelwin,Harmstone,kharmstone3c@senate.gov,Genderqueer,Stronghold
122,Dora,Shoemark,dshoemark3d@craigslist.org,Polygender,Otcom
123,Junina,Beernt,jbeernt3e@cbsnews.com,Non-binary,Overhold
124,Tabina,Grimsdale,tgrimsdale3f@ucsd.edu,Genderfluid,Biodex
125,Bald,Cready,bcready3g@studiopress.com,Agender,Cardguard
126,Pebrook,Moncarr,pmoncarr3h@columbia.edu,Genderqueer,Matsoft
127,Terri,Probin,tprobin3i@narod.ru,Genderfluid,Bigtax
128,Melany,Jost,mjost3j@ask.com,Non-binary,Mat Lam Tam
129,Chaunce,Antonich,cantonich3k@mlb.com,Male,Home Ing
130,Bing,Forsyth,bforsyth3l@behance.net,Male,Fixflex
131,Aurthur,Tiler,atiler3m@php.net,Genderqueer,Tin
132,Sigismundo,Hamnet,shamnet3n@flavors.me,Bigender,Asoka
133,Hermine,Gentreau,hgentreau3o@yale.edu,Genderfluid,Lotlux
134,Wallie,Blackaller,wblackaller3p@nps.gov,Non-binary,Trippledex
135,Danya,Pero,dpero3q@tripod.com,Male,Gembucket
136,Dermot,Rhydderch,drhydderch3r@indiatimes.com,Female,Bytecard
137,Lissie,Higgonet,lhiggonet3s@cmu.edu,Polygender,Y-Solowarm
138,Elysee,Kienle,ekienle3t@bravesites.com,Agender,Bigtax
139,Karlee,Postan,kpostan3u@jalbum.net,Genderqueer,Sonsing
140,Rania,Vaggers,rvaggers3v@hugedomains.com,Polygender,Tempsoft
141,Mirabella,Cridge,mcridge3w@columbia.edu,Polygender,Kanlam
142,Eadmund,Gratland,egratland3x@illinois.edu,Genderqueer,Flexidy
143,Joly,Saffin,jsaffin3y@indiatimes.com,Male,Solarbreeze
144,Jacki,Attwooll,jattwooll3z@jigsy.com,Genderqueer,Holdlamis
145,Fax,Schnitter,fschnitter40@fastcompany.com,Male,Prodder
146,Susie,Brimm,sbrimm41@netlog.com,Agender,Tampflex
147,Madel,Queenborough,mqueenborough42@google.pl,Agender,Opela
148,Katlin,Hearse,khearse43@house.gov,Genderqueer,Vagram
149,Hilarius,Doswell,hdoswell44@cbslocal.com,Polygender,Vagram
150,Madonna,Brettor,mbrettor45@engadget.com,Genderqueer,Ventosanzap
151,Blanca,Stoodale,bstoodale46@weibo.com,Male,Zamit
152,Dorris,Vaughton,dvaughton47@pagesperso-orange.fr,Genderqueer,Bitwolf
153,Stephannie,Tythe,stythe48@weebly.com,Non-binary,Job
154,Dorris,McNess,dmcness49@slate.com,Non-binary,Daltfresh
155,Alica,Stubbs,astubbs4a@dell.com,Female,Duobam
156,Cassaundra,Fairebrother,cfairebrother4b@tiny.cc,Polygender,Tin
157,Griffie,Seyfart,gseyfart4c@aboutads.info,Bigender,Voltsillam
158,Stavro,Manssuer,smanssuer4d@examiner.com,Female,Voyatouch
159,Rafaellle,Coule,rcoule4e@xrea.com,Genderqueer,Lotstring
160,Sandro,Ainsbury,sainsbury4f@mac.com,Male,Rank
161,Anitra,Valerio,avalerio4g@ask.com,Non-binary,Lotstring
162,Jacquenette,Peter,jpeter4h@vk.com,Female,Hatity
163,Lorette,Medgwick,lmedgwick4i@t-online.de,Polygender,Solarbreeze
164,Cale,Murie,cmurie4j@canalblog.com,Genderfluid,Overhold
165,Lindy,Roskam,lroskam4k@goodreads.com,Genderfluid,Bitchip
166,Loreen,Bank,lbank4l@usa.gov,Male,Tampflex
167,Shep,Vedishchev,svedishchev4m@auda.org.au,Polygender,Bigtax
168,Jaymee,Jewis,jjewis4n@state.gov,Genderfluid,Ronstring
169,Cassandre,Wilsone,cwilsone4o@about.me,Non-binary,Sub-Ex
170,Chanda,Giovanitti,cgiovanitti4p@npr.org,Non-binary,Voltsillam
171,Sophia,Perrat,sperrat4q@columbia.edu,Male,Prodder
172,Verla,Jorry,vjorry4r@theguardian.com,Polygender,Sonsing
173,Dylan,Woof,dwoof4s@histats.com,Female,Veribet
174,Vasily,Winyard,vwinyard4t@unc.edu,Male,Y-Solowarm
175,Frederich,Lathy,flathy4u@dion.ne.jp,Polygender,Zamit
176,Garrick,Dunlop,gdunlop4v@1688.com,Non-binary,Tempsoft
177,Elsy,Seamark,eseamark4w@japanpost.jp,Female,Cookley
178,Birch,Baise,bbaise4x@howstuffworks.com,Genderqueer,Fixflex
179,Leonhard,Abbs,labbs4y@pinterest.com,Genderfluid,Lotstring
180,Haskell,Bloys,hbloys4z@yahoo.com,Female,Span
181,Coralyn,Janovsky,cjanovsky50@technorati.com,Female,Tres-Zap
182,Hayden,Cosans,hcosans51@who.int,Polygender,Tresom
183,Marthena,Cuthill,mcuthill52@jalbum.net,Female,Voyatouch
184,Frasco,Habercham,fhabercham53@trellian.com,Agender,Home Ing
185,Kendra,Wren,kwren54@umn.edu,Male,Lotstring
186,Montgomery,Aizlewood,maizlewood55@answers.com,Agender,Sonair
187,Marwin,Peacher,mpeacher56@tripod.com,Genderfluid,Home Ing
188,Caddric,Skunes,cskunes57@over-blog.com,Bigender,Namfix
189,Lucie,Versey,lversey58@youku.com,Female,Aerified
190,Skyler,Tims,stims59@seesaa.net,Non-binary,Bitchip
191,Theresina,Davidovits,tdavidovits5a@boston.com,Non-binary,Bitchip
192,Fernando,Rentelll,frentelll5b@woothemes.com,Genderfluid,Stronghold
193,Gannie,Duddle,gduddle5c@msu.edu,Bigender,Flexidy
194,Gilbertine,Cotsford,gcotsford5d@irs.gov,Male,Home Ing
195,Hall,Medlar,hmedlar5e@elegantthemes.com,Genderfluid,Konklux
196,Christiane,Bruyet,cbruyet5f@uiuc.edu,Male,Kanlam
197,Ambrosius,Gatecliffe,agatecliffe5g@dailymail.co.uk,Male,Kanlam
198,Durand,Cheeney,dcheeney5h@webmd.com,Bigender,Tampflex
199,Tiffany,Lill,tlill5i@scientificamerican.com,Bigender,Viva
200,Sammy,Hankinson,shankinson5j@google.ca,Genderqueer,Zontrax
201,Parker,MacTague,pmactague5k@rediff.com,Female,Y-find
202,Jorge,Higginbottam,jhigginbottam5l@indiegogo.com,Genderfluid,Regrant
203,Bernadene,Oxbrough,boxbrough5m@yelp.com,Genderfluid,Lotlux
204,Dan,Rigardeau,drigardeau5n@slate.com,Non-binary,Y-Solowarm
205,Leonidas,Gilphillan,lgilphillan5o@artisteer.com,Male,Bitchip
206,Aleen,Moscrop,amoscrop5p@imdb.com,Agender,Bitchip
207,Mar,Thistleton,mthistleton5q@technorati.com,Female,Hatity
208,Sara-ann,Licas,slicas5r@comcast.net,Male,Span
209,Randie,Dalston,rdalston5s@businessweek.com,Polygender,Lotstring
210,Zach,Prantoni,zprantoni5t@bbc.co.uk,Non-binary,Aerified
211,Cassandre,Covington,ccovington5u@reverbnation.com,Polygender,Cookley
212,Lanny,Gribbon,lgribbon5v@amazon.co.uk,Male,Prodder
213,Nicoli,Baughan,nbaughan5w@mail.ru,Genderqueer,Lotlux
214,Kristy,Purton,kpurton5x@yale.edu,Bigender,Solarbreeze
215,Giulio,Dottrell,gdottrell5y@amazon.co.uk,Polygender,Aerified
216,Maurise,Cawthorn,mcawthorn5z@sohu.com,Genderqueer,Voltsillam
217,Cirstoforo,Gatherell,cgatherell60@apple.com,Non-binary,Daltfresh
218,Ambrose,Medlar,amedlar61@wp.com,Male,Zamit
219,Richy,Tansill,rtansill62@skype.com,Male,Andalax
220,Imogen,Marnes,imarnes63@icio.us,Non-binary,Biodex
221,Abey,Brudenell,abrudenell64@usda.gov,Male,Opela
222,Bea,Scurlock,bscurlock65@ox.ac.uk,Female,Aerified
223,Laetitia,Gamblin,lgamblin66@homestead.com,Male,Bytecard
224,Camel,Gilhoolie,cgilhoolie67@issuu.com,Non-binary,Zaam-Dox
225,Gert,Folonin,gfolonin68@gov.uk,Genderqueer,Transcof
226,Niko,Brayson,nbrayson69@behance.net,Genderqueer,Duobam
227,Dominic,Tonkinson,dtonkinson6a@jugem.jp,Male,Viva
228,Rose,Bettenay,rbettenay6b@stanford.edu,Polygender,Matsoft
229,Puff,Beverley,pbeverley6c@studiopress.com,Genderqueer,Transcof
230,Ferdinand,Lenthall,flenthall6d@t-online.de,Female,Greenlam
231,Payton,Marguerite,pmarguerite6e@guardian.co.uk,Genderfluid,Asoka
232,Luce,Marnane,lmarnane6f@hostgator.com,Bigender,Voyatouch
233,Katharina,Stendall,kstendall6g@globo.com,Non-binary,Tin
234,Dewain,Scollick,dscollick6h@tamu.edu,Genderfluid,Kanlam
235,Tanney,Wharin,twharin6i@businesswire.com,Polygender,Tampflex
236,Shurlocke,Dawkes,sdawkes6j@1und1.de,Male,Aerified
237,Kerwinn,Fills,kfills6k@newyorker.com,Genderfluid,Zathin
238,Gerik,Riedel,griedel6l@accuweather.com,Agender,Job
239,Lishe,Whitwam,lwhitwam6m@istockphoto.com,Polygender,Y-Solowarm
240,Ernesto,Iglesiaz,eiglesiaz6n@elegantthemes.com,Genderqueer,Y-Solowarm
241,Mary,Topling,mtopling6o@irs.gov,Male,Sonsing
242,Jocelyne,Martusov,jmartusov6p@geocities.com,Bigender,Rank
243,Peirce,Fines,pfines6q@time.com,Female,Asoka
244,Stephi,Clewes,sclewes6r@mozilla.com,Bigender,Subin
245,Patrice,Harower,pharower6s@census.gov,Bigender,Otcom
246,Zabrina,Worham,zworham6t@hibu.com,Non-binary,Stim
247,Philippine,McGreay,pmcgreay6u@ustream.tv,Non-binary,Viva
248,Ebonee,Brandolini,ebrandolini6v@wsj.com,Female,Solarbreeze
249,Rosemonde,Quarterman,rquarterman6w@furl.net,Bigender,Keylex
250,Dukey,Daintith,ddaintith6x@goo.gl,Male,Cardguard
251,Laryssa,Carthy,lcarthy6y@chron.com,Polygender,Cookley
252,Grantley,Simone,gsimone6z@pcworld.com,Male,Stringtough
253,Evonne,Frisby,efrisby70@vimeo.com,Non-binary,Konklux
254,Fayina,McCoish,fmccoish71@timesonline.co.uk,Genderqueer,Redhold
255,Joelie,Rizzello,jrizzello72@zdnet.com,Bigender,Voltsillam
256,Der,Anthoin,danthoin73@chicagotribune.com,Bigender,Kanlam
257,Ammamaria,Tremathick,atremathick74@va.gov,Male,Sonair
258,Avigdor,Butterwick,abutterwick75@cornell.edu,Non-binary,Tresom
259,Ingelbert,Macieiczyk,imacieiczyk76@slashdot.org,Male,Rank
260,Brodie,Calvert,bcalvert77@geocities.com,Genderfluid,Holdlamis
261,Drucie,Pearl,dpearl78@webeden.co.uk,Genderfluid,Fintone
262,Lucio,Rosser,lrosser79@irs.gov,Non-binary,Wrapsafe
263,Hedi,Basnett,hbasnett7a@youku.com,Bigender,Treeflex
264,Duncan,Tittletross,dtittletross7b@smugmug.com,Female,Prodder
265,Leland,Gheorghe,lgheorghe7c@shareasale.com,Genderqueer,Fixflex
266,Augustin,Botley,abotley7d@opensource.org,Male,Zathin
267,Leigh,Jaze,ljaze7e@cloudflare.com,Genderfluid,Solarbreeze
268,Beverlee,Vallery,bvallery7f@symantec.com,Agender,Tempsoft
269,Bevvy,Riceards,briceards7g@jugem.jp,Male,Biodex
270,Marcie,Gathercole,mgathercole7h@webeden.co.uk,Male,Lotstring
271,Kalina,Sayburn,ksayburn7i@deviantart.com,Female,Greenlam
272,Lothaire,Baume,lbaume7j@jiathis.com,Genderqueer,Opela
273,Nonah,Bennie,nbennie7k@is.gd,Male,Latlux
274,Ansley,Loftin,aloftin7l@businessinsider.com,Male,Zontrax
275,Lindsey,Cescon,lcescon7m@dmoz.org,Genderfluid,Sub-Ex
276,Madlin,Brendel,mbrendel7n@icio.us,Genderfluid,Treeflex
277,Ase,MacMorland,amacmorland7o@privacy.gov.au,Polygender,Toughjoyfax
278,Leticia,Revie,lrevie7p@squarespace.com,Bigender,Zamit
279,Heath,Swindells,hswindells7q@networksolutions.com,Female,Aerified
280,Buddy,Yesson,byesson7r@shop-pro.jp,Bigender,Sub-Ex
281,Barrett,Marcos,bmarcos7s@cnet.com,Female,Veribet
282,Garey,Minchella,gminchella7t@home.pl,Non-binary,Biodex
283,Celisse,Letten,cletten7u@over-blog.com,Genderqueer,Flowdesk
284,Liesa,Clausson,lclausson7v@csmonitor.com,Agender,Zoolab
285,Bartolemo,Tomowicz,btomowicz7w@microsoft.com,Female,Alphazap
286,Biddy,Nutman,bnutman7x@imgur.com,Non-binary,Tin
287,Seumas,Henze,shenze7y@cbsnews.com,Genderqueer,Temp
288,Giustina,Ledbury,gledbury7z@admin.ch,Female,Tresom
289,Emmalee,Pevie,epevie80@soundcloud.com,Genderqueer,Andalax
290,Worth,Lygo,wlygo81@mail.ru,Genderqueer,Home Ing
291,Silas,Newall,snewall82@phpbb.com,Genderqueer,Bamity
292,Georgie,Habden,ghabden83@china.com.cn,Agender,Stim
293,Darcee,McPeake,dmcpeake84@huffingtonpost.com,Non-binary,Fixflex
294,Augustine,Darnbrook,adarnbrook85@hc360.com,Female,Ronstring
295,Nikolai,Lloyds,nlloyds86@surveymonkey.com,Male,Fintone
296,Claus,Chilcott,cchilcott87@bloomberg.com,Genderqueer,Stronghold
297,Edie,Hanby,ehanby88@reference.com,Polygender,Asoka
298,Aguie,Huntingford,ahuntingford89@themeforest.net,Polygender,Tresom
299,Emanuele,Baynes,ebaynes8a@nymag.com,Female,Andalax
300,Annnora,Driffe,adriffe8b@zimbio.com,Genderfluid,Keylex
301,Natka,Sakins,nsakins8c@google.nl,Genderqueer,Rank
302,Edd,Lauret,elauret8d@arstechnica.com,Polygender,Latlux
303,Norris,Peggrem,npeggrem8e@etsy.com,Genderfluid,Asoka
304,Job,Piegrome,jpiegrome8f@parallels.com,Male,Vagram
305,Anthony,Joddins,ajoddins8g@joomla.org,Bigender,Alpha
306,Brittani,Markovic,bmarkovic8h@webmd.com,Genderfluid,Bamity
307,Hinda,Hallaways,hhallaways8i@ezinearticles.com,Genderfluid,Bitchip
308,Vivien,Beamish,vbeamish8j@flavors.me,Non-binary,Fix San
309,Marietta,Turfus,mturfus8k@google.nl,Female,Home Ing
310,Vicky,McColgan,vmccolgan8l@myspace.com,Female,Y-find
311,Perry,Heinsh,pheinsh8m@usda.gov,Polygender,Greenlam
312,Bryant,Kobera,bkobera8n@goodreads.com,Genderfluid,Zathin
313,Marla,Norcock,mnorcock8o@google.ca,Non-binary,Ronstring
314,Sylas,Cradey,scradey8p@mashable.com,Agender,Daltfresh
315,Lyndell,Lincke,llincke8q@theglobeandmail.com,Polygender,Opela
316,Ambros,Andrez,aandrez8r@ezinearticles.com,Non-binary,Bitwolf
317,Ric,Michin,rmichin8s@businessweek.com,Bigender,Stim
318,Anderea,Kidsley,akidsley8t@un.org,Agender,Lotlux
319,Burt,Forson,bforson8u@phoca.cz,Male,Span
320,Jana,Shird,jshird8v@tumblr.com,Polygender,Voyatouch
321,Donia,Pemble,dpemble8w@unblog.fr,Genderfluid,Temp
322,Avictor,Heyworth,aheyworth8x@who.int,Polygender,Kanlam
323,Patton,Blencoe,pblencoe8y@youtu.be,Female,Pannier
324,Gideon,Frangleton,gfrangleton8z@boston.com,Female,Flexidy
325,Molli,Hlavac,mhlavac90@123-reg.co.uk,Bigender,Fix San
326,Sascha,Asaaf,sasaaf91@a8.net,Polygender,Alpha
327,Maurene,Croasdale,mcroasdale92@macromedia.com,Female,Lotstring
328,Alleyn,Perfitt,aperfitt93@thetimes.co.uk,Agender,It
329,Baxy,Jacop,bjacop94@wikimedia.org,Genderqueer,Kanlam
330,Hildy,Dyers,hdyers95@wikia.com,Non-binary,Rank
331,Revkah,Makey,rmakey96@prweb.com,Bigender,Tampflex
332,Raimundo,Pinkney,rpinkney97@merriam-webster.com,Genderfluid,Tres-Zap
333,Rafaello,Albiston,ralbiston98@phoca.cz,Polygender,Quo Lux
334,Bunni,Ledwidge,bledwidge99@tuttocitta.it,Female,Fix San
335,Payton,Spykins,pspykins9a@java.com,Male,It
336,Willi,Lorant,wlorant9b@slashdot.org,Agender,Fintone
337,Artemas,Dwelley,adwelley9c@sina.com.cn,Genderfluid,Trippledex
338,Cash,Querree,cquerree9d@unc.edu,Bigender,Y-Solowarm
339,Aleece,Skeldinge,askeldinge9e@w3.org,Bigender,Bigtax
340,Lenore,Retter,lretter9f@fc2.com,Bigender,Gembucket
341,Reece,Schofield,rschofield9g@go.com,Bigender,Overhold
342,Jerry,Provost,jprovost9h@infoseek.co.jp,Bigender,Voltsillam
343,Erick,Burnsides,eburnsides9i@merriam-webster.com,Genderqueer,Veribet
344,James,Zanicchi,jzanicchi9j@wp.com,Genderfluid,Greenlam
345,Frankie,Bliven,fbliven9k@virginia.edu,Non-binary,Cookley
346,Adriena,Scyone,ascyone9l@instagram.com,Genderqueer,Asoka
347,Craggy,Judron,cjudron9m@ucla.edu,Female,Viva
348,Addy,Brislen,abrislen9n@pen.io,Genderfluid,Alpha
349,Chere,Fildery,cfildery9o@ucla.edu,Genderfluid,Holdlamis
350,Dirk,Stobbes,dstobbes9p@odnoklassniki.ru,Male,Domainer
351,Lorry,Feeny,lfeeny9q@google.nl,Genderfluid,Namfix
352,Gannon,Strick,gstrick9r@usnews.com,Polygender,Lotstring
353,Faun,Exter,fexter9s@imgur.com,Bigender,Transcof
354,Hana,Hiddersley,hhiddersley9t@ovh.net,Agender,Namfix
355,Greer,Shaul,gshaul9u@biglobe.ne.jp,Male,Sonair
356,Joel,Burbank,jburbank9v@jiathis.com,Polygender,Holdlamis
357,Barbabra,Coneron,bconeron9w@youku.com,Polygender,Flexidy
358,Natalie,Sweetzer,nsweetzer9x@bandcamp.com,Agender,Temp
359,Helsa,Camble,hcamble9y@hud.gov,Bigender,Fixflex
360,Angie,Tixall,atixall9z@constantcontact.com,Bigender,Pannier
361,Emelyne,Billitteri,ebillitteria0@harvard.edu,Genderqueer,Tin
362,Panchito,Mitkcov,pmitkcova1@google.com,Polygender,Treeflex
363,Margaret,Roger,mrogera2@google.co.uk,Genderqueer,Bamity
364,Ugo,Farman,ufarmana3@prweb.com,Non-binary,Hatity
365,Audry,Chiverstone,achiverstonea4@redcross.org,Agender,Asoka
366,Rudolf,Warriner,rwarrinera5@netlog.com,Genderfluid,Zamit
367,Sonni,Birdsey,sbirdseya6@angelfire.com,Bigender,Sonsing
368,Doretta,Grovier,dgroviera7@nytimes.com,Non-binary,Home Ing
369,Lynsey,Littlecote,llittlecotea8@livejournal.com,Male,Treeflex
370,Sophie,Serot,sserota9@unc.edu,Bigender,Subin
371,Rahal,Levick,rlevickaa@salon.com,Genderqueer,Temp
372,Glyn,Bittleson,gbittlesonab@utexas.edu,Genderfluid,Kanlam
373,Katya,Stennett,kstennettac@theguardian.com,Polygender,Cardify
374,Teddie,Biggs,tbiggsad@hc360.com,Female,Stringtough
375,Jerrilee,Geer,jgeerae@mysql.com,Agender,Flowdesk
376,Allister,Zeplin,azeplinaf@xing.com,Agender,Trippledex
377,Aridatha,Easton,aeastonag@1und1.de,Genderqueer,Temp
378,Osmund,Drinkale,odrinkaleah@google.ru,Bigender,Job
379,Sholom,Hendonson,shendonsonai@yahoo.co.jp,Non-binary,Tampflex
380,Anders,Laing,alaingaj@ocn.ne.jp,Non-binary,Ronstring
381,Giorgi,Reyson,greysonak@blogger.com,Agender,Prodder
382,Valaria,Craighall,vcraighallal@china.com.cn,Genderqueer,Fixflex
383,Charlene,Fussey,cfusseyam@apple.com,Polygender,Voyatouch
384,Lavinie,Maulden,lmauldenan@diigo.com,Genderfluid,Mat Lam Tam
385,Robinet,Meir,rmeirao@home.pl,Polygender,Home Ing
386,Blanch,Parrington,bparringtonap@army.mil,Male,Asoka
387,Orbadiah,Pembry,opembryaq@yahoo.co.jp,Male,Y-Solowarm
388,Elwin,Woolaghan,ewoolaghanar@bloglovin.com,Agender,It
389,Tadio,Lademann,tlademannas@creativecommons.org,Male,Zaam-Dox
390,Vernice,McQuin,vmcquinat@digg.com,Female,Sonsing
391,Babs,Pluthero,bplutheroau@nature.com,Bigender,Greenlam
392,Vinita,Chiplin,vchiplinav@t.co,Bigender,Alphazap
393,Wilbert,Tunniclisse,wtunniclisseaw@cbsnews.com,Female,Gembucket
394,Rutherford,Daton,rdatonax@sina.com.cn,Polygender,Ventosanzap
395,Barthel,Vasyukhnov,bvasyukhnovay@comsenz.com,Bigender,Fixflex
396,Armstrong,Osorio,aosorioaz@sphinn.com,Polygender,Mat Lam Tam
397,Angelique,Paolillo,apaolillob0@apache.org,Bigender,Andalax
398,Sari,Pennycuick,spennycuickb1@surveymonkey.com,Genderfluid,Y-Solowarm
399,Carlo,Beaushaw,cbeaushawb2@ustream.tv,Male,Quo Lux
400,Winfred,Antoniat,wantoniatb3@sina.com.cn,Female,Biodex
401,Sigmund,Essel,sesselb4@linkedin.com,Genderqueer,Sonsing
402,Vivienne,Culy,vculyb5@princeton.edu,Bigender,Bitwolf
403,Clemente,Heritege,cheritegeb6@huffingtonpost.com,Non-binary,Tempsoft
404,Osmond,Halpeine,ohalpeineb7@digg.com,Genderqueer,Sonair
405,Chaunce,Fumagall,cfumagallb8@cloudflare.com,Non-binary,Quo Lux
406,Alina,Delhay,adelhayb9@pbs.org,Male,Sonair
407,Nancy,Mattson,nmattsonba@oaic.gov.au,Agender,Zathin
408,Chandra,Gremain,cgremainbb@is.gd,Male,Overhold
409,Swen,Jenik,sjenikbc@mozilla.org,Agender,Zoolab
410,Kate,Thome,kthomebd@squarespace.com,Genderfluid,Treeflex
411,Kathryne,Billie,kbilliebe@ucsd.edu,Agender,Tres-Zap
412,Gilbert,Dublin,gdublinbf@people.com.cn,Bigender,Solarbreeze
413,Martina,Melrose,mmelrosebg@bloglines.com,Genderqueer,Tres-Zap
414,Christy,MacCaughan,cmaccaughanbh@marriott.com,Genderqueer,Stronghold
415,Tyne,Geering,tgeeringbi@twitter.com,Polygender,Zontrax
416,Alysia,Stockau,astockaubj@rakuten.co.jp,Genderfluid,Flexidy
417,Nealon,Gounot,ngounotbk@twitter.com,Bigender,Rank
418,Si,Brunstan,sbrunstanbl@123-reg.co.uk,Bigender,Bigtax
419,Fionna,Ravel,fravelbm@aboutads.info,Polygender,Holdlamis
420,Milli,Jantel,mjantelbn@lycos.com,Polygender,Daltfresh
421,Trula,Alford,talfordbo@wikia.com,Genderqueer,Y-Solowarm
422,Vivie,Ciobutaru,vciobutarubp@sbwire.com,Genderqueer,Otcom
423,Alon,Beglin,abeglinbq@printfriendly.com,Male,Solarbreeze
424,Eden,Kidman,ekidmanbr@163.com,Female,Duobam
425,Martelle,Shoebotham,mshoebothambs@yahoo.co.jp,Female,Ronstring
426,Elenore,Eagling,eeaglingbt@soundcloud.com,Genderfluid,Quo Lux
427,Angelika,Bezemer,abezemerbu@wired.com,Genderfluid,Kanlam
428,Dud,Matushenko,dmatushenkobv@a8.net,Agender,Span
429,Felic,Paynes,fpaynesbw@wunderground.com,Genderqueer,Zoolab
430,Cory,Chatters,cchattersbx@answers.com,Male,Temp
431,Hobie,Pennycord,hpennycordby@msn.com,Non-binary,Tin
432,Jasmin,Firbanks,jfirbanksbz@over-blog.com,Genderqueer,Home Ing
433,Jacquette,Calf,jcalfc0@bizjournals.com,Genderqueer,Span
434,Fidela,Merricks,fmerricksc1@deliciousdays.com,Agender,Cardify
435,Clim,Grinsdale,cgrinsdalec2@vkontakte.ru,Genderqueer,Y-find
436,Jacki,Yurasov,jyurasovc3@reference.com,Non-binary,Ventosanzap
437,Melisandra,Felgate,mfelgatec4@senate.gov,Male,Opela
438,Zabrina,Bau,zbauc5@nsw.gov.au,Female,Cookley
439,Granville,Ruler,grulerc6@oaic.gov.au,Agender,Prodder
440,Gusty,Melonby,gmelonbyc7@archive.org,Genderfluid,Domainer
441,Laure,Cammidge,lcammidgec8@addtoany.com,Bigender,Veribet
442,Ermina,Llewelyn,ellewelync9@google.fr,Bigender,Tresom
443,Calvin,Beri,cberica@mail.ru,Male,Stim
444,Rosabel,Skottle,rskottlecb@webmd.com,Genderqueer,Veribet
445,Theo,Witz,twitzcc@wikimedia.org,Bigender,Cookley
446,Elnore,Webburn,ewebburncd@youtube.com,Bigender,It
447,Shauna,Penhaligon,spenhaligonce@howstuffworks.com,Genderfluid,Voltsillam
448,Allianora,Vedstra,avedstracf@blogs.com,Male,Vagram
449,Zachery,Dimitresco,zdimitrescocg@list-manage.com,Non-binary,Lotlux
450,Ethan,Raitie,eraitiech@mozilla.org,Genderqueer,Viva
451,Ginevra,Halifax,ghalifaxci@nifty.com,Bigender,Sub-Ex
452,Tilda,Hugk,thugkcj@is.gd,Bigender,Kanlam
453,Wilfrid,Pighills,wpighillsck@paypal.com,Genderfluid,Bitchip
454,Bruce,Ferrara,bferraracl@arstechnica.com,Polygender,Tampflex
455,Avis,Ackenson,aackensoncm@networksolutions.com,Non-binary,Kanlam
456,Amandy,Bryce,abrycecn@smh.com.au,Genderqueer,Domainer
457,Lane,Evesque,levesqueco@wiley.com,Non-binary,Hatity
458,Fran,Ropars,froparscp@sourceforge.net,Genderfluid,Lotstring
459,Darnell,Findlow,dfindlowcq@biglobe.ne.jp,Non-binary,Tampflex
460,Burty,Domingues,bdominguescr@cisco.com,Agender,Mat Lam Tam
461,Rodina,Sartin,rsartincs@vinaora.com,Genderqueer,Bitwolf
462,Waite,Grunder,wgrunderct@cnn.com,Female,Viva
463,Lon,Theodore,ltheodorecu@about.com,Bigender,Holdlamis
464,Octavius,Randell,orandellcv@quantcast.com,Agender,Alpha
465,Sterling,Oakeby,soakebycw@msu.edu,Polygender,Latlux
466,Haily,Perello,hperellocx@barnesandnoble.com,Agender,Viva
467,Ursulina,Stetlye,ustetlyecy@sciencedaily.com,Genderfluid,Tres-Zap
468,Brandy,Ridler,bridlercz@sfgate.com,Male,Sonsing
469,Joye,Giabucci,jgiabuccid0@slate.com,Female,Daltfresh
470,Edd,Novik,enovikd1@oakley.com,Polygender,Redhold
471,Turner,Wharton,twhartond2@mozilla.com,Male,Bitwolf
472,Camilla,Libero,cliberod3@cam.ac.uk,Female,Voyatouch
473,Deirdre,Campos,dcamposd4@feedburner.com,Male,Gembucket
474,Dallis,Judron,djudrond5@weather.com,Female,Opela
475,Thurston,Steere,tsteered6@networkadvertising.org,Female,Voltsillam
476,Melodee,Brixey,mbrixeyd7@uiuc.edu,Genderfluid,Ventosanzap
477,Doretta,Swenson,dswensond8@shinystat.com,Agender,Rank
478,Aldo,Stockney,astockneyd9@msu.edu,Agender,Otcom
479,Lillis,Didball,ldidballda@sfgate.com,Bigender,Fix San
480,Onofredo,Scrauniage,oscrauniagedb@rambler.ru,Male,Fintone
481,Annadiane,Froome,afroomedc@trellian.com,Genderfluid,Biodex
482,Kelcie,Malcher,kmalcherdd@is.gd,Bigender,Flowdesk
483,Niccolo,Ebbin,nebbinde@sciencedirect.com,Genderqueer,Fix San
484,Sheffield,Whitehurst,swhitehurstdf@yellowpages.com,Male,Cookley
485,Pietra,Morgon,pmorgondg@comcast.net,Bigender,Subin
486,Ogden,Vankov,ovankovdh@example.com,Polygender,Bamity
487,Crystal,Mellon,cmellondi@usda.gov,Male,Zontrax
488,Jesse,Lavington,jlavingtondj@webnode.com,Non-binary,Sub-Ex
489,Jacquetta,Wetwood,jwetwooddk@indiegogo.com,Genderqueer,Zontrax
490,Cariotta,Treadgall,ctreadgalldl@wiley.com,Genderfluid,Stronghold
491,Nydia,Yancey,nyanceydm@constantcontact.com,Bigender,Namfix
492,Cheryl,De Cristoforo,cdecristoforodn@youtu.be,Male,Otcom
493,Man,Keirle,mkeirledo@apache.org,Genderfluid,Solarbreeze
494,Alysia,Mallinar,amallinardp@latimes.com,Agender,Aerified
495,Clemmie,Summerlad,csummerladdq@netscape.com,Polygender,Zontrax
496,Malissa,Botger,mbotgerdr@ycombinator.com,Polygender,Treeflex
497,Leisha,Calbert,lcalbertds@paypal.com,Genderfluid,Redhold
498,Maxi,Syer,msyerdt@youku.com,Male,Bamity
499,Kathy,Sexti,ksextidu@youtu.be,Genderqueer,Bytecard
500,Kellie,Hearse,khearsedv@goo.ne.jp,Agender,Fix San
501,Rollin,Shuttleworth,rshuttleworthdw@cisco.com,Genderfluid,Voyatouch
502,Julietta,Cabane,jcabanedx@sogou.com,Agender,Fixflex
503,Opaline,March,omarchdy@zimbio.com,Male,Overhold
504,Marci,Turri,mturridz@rediff.com,Bigender,Daltfresh
505,Timmie,Schermick,tschermicke0@infoseek.co.jp,Bigender,Aerified
506,Jake,Grestie,jgrestiee1@soundcloud.com,Agender,Bigtax
507,Glynis,Fassbindler,gfassbindlere2@meetup.com,Male,Zamit
508,Carlye,Cheves,cchevese3@google.ca,Genderfluid,Tresom
509,Wallas,Dionisetti,wdionisettie4@cornell.edu,Bigender,Regrant
510,Kirsten,Yurtsev,kyurtseve5@mayoclinic.com,Female,Tempsoft
511,Pam,Crowcombe,pcrowcombee6@acquirethisname.com,Genderfluid,Regrant
512,Bibby,Gebbie,bgebbiee7@smh.com.au,Agender,Fixflex
513,Casi,Haydn,chaydne8@theatlantic.com,Polygender,Mat Lam Tam
514,Brittani,Struthers,bstrutherse9@desdev.cn,Genderqueer,Job
515,Leah,Balling,lballingea@pagesperso-orange.fr,Female,Alphazap
516,Reinhard,Newbury,rnewburyeb@g.co,Genderfluid,Zathin
517,Cobby,Schnitter,cschnitterec@sina.com.cn,Non-binary,Toughjoyfax
518,Alexandros,Baggett,abaggetted@g.co,Agender,Konklab
519,Noe,Morot,nmorotee@goodreads.com,Non-binary,Fixflex
520,Starlene,Kepp,skeppef@paypal.com,Female,Mat Lam Tam
521,Court,Satyford,csatyfordeg@geocities.com,Agender,Viva
522,Reginauld,Wesgate,rwesgateeh@va.gov,Agender,Regrant
523,Skyler,de Nore,sdenoreei@paypal.com,Bigender,Span
524,Catarina,Larcher,clarcherej@ucla.edu,Male,Konklab
525,Burt,Pauls,bpaulsek@cnbc.com,Agender,Zaam-Dox
526,Val,Newbury,vnewburyel@blogs.com,Bigender,Zathin
527,Nerissa,Titcom,ntitcomem@cornell.edu,Agender,Stronghold
528,Gwenora,Jeskins,gjeskinsen@ow.ly,Agender,Keylex
529,Ingeborg,Cassley,icassleyeo@mysql.com,Non-binary,Y-find
530,Elianora,Rooney,erooneyep@rambler.ru,Non-binary,Alphazap
531,Franky,Harefoot,fharefooteq@army.mil,Genderqueer,Trippledex
532,Ingeberg,Oade,ioadeer@tripadvisor.com,Non-binary,Job
533,Maryanna,Charnley,mcharnleyes@google.com,Polygender,Fintone
534,Gill,Minney,gminneyet@wordpress.org,Male,Rank
535,Flora,Ellaman,fellamaneu@livejournal.com,Polygender,Tempsoft
536,Neda,Botte,nbotteev@dmoz.org,Female,Otcom
537,Michele,Costley,mcostleyew@home.pl,Polygender,Fixflex
538,Olva,Tinner,otinnerex@blinklist.com,Non-binary,Alpha
539,Llewellyn,Graundisson,lgraundissoney@craigslist.org,Bigender,Aerified
540,Kellsie,Mew,kmewez@reuters.com,Bigender,Solarbreeze
541,Jakob,Wallwood,jwallwoodf0@jigsy.com,Genderfluid,Wrapsafe
542,Iseabal,Fike,ifikef1@mysql.com,Polygender,Alphazap
543,Herculie,Keyzor,hkeyzorf2@wufoo.com,Genderqueer,Veribet
544,Tadeo,Formoy,tformoyf3@mapquest.com,Polygender,Zaam-Dox
545,Rodolphe,Gras,rgrasf4@barnesandnoble.com,Non-binary,Ventosanzap
546,Leanor,Shakspeare,lshakspearef5@vkontakte.ru,Non-binary,Stringtough
547,Alanna,Vallery,avalleryf6@omniture.com,Female,Hatity
548,Rudd,McMurraya,rmcmurrayaf7@patch.com,Genderqueer,Toughjoyfax
549,Caz,Longmuir,clongmuirf8@issuu.com,Polygender,Transcof
550,Ulick,Greensides,ugreensidesf9@chronoengine.com,Female,Treeflex
551,Ignazio,Satterfitt,isatterfittfa@nps.gov,Female,Domainer
552,Garfield,Beldam,gbeldamfb@jugem.jp,Polygender,Bitchip
553,Paxton,Shevlane,pshevlanefc@geocities.com,Female,Hatity
554,Page,Jodrelle,pjodrellefd@msu.edu,Bigender,Toughjoyfax
555,Tye,Cloney,tcloneyfe@state.gov,Genderqueer,Cardify
556,Barde,Edney,bedneyff@statcounter.com,Bigender,Konklux
557,Reyna,Guiet,rguietfg@usnews.com,Female,Mat Lam Tam
558,Aileen,Hofler,ahoflerfh@state.gov,Female,Matsoft
559,Winonah,Rushbrooke,wrushbrookefi@foxnews.com,Polygender,Temp
560,Boone,Dilks,bdilksfj@china.com.cn,Agender,Biodex
561,Jillana,Matton,jmattonfk@qq.com,Non-binary,Subin
562,Pierson,Fleay,pfleayfl@oracle.com,Bigender,Veribet
563,Jessamyn,McKinna,jmckinnafm@ihg.com,Male,Tres-Zap
564,Reese,Timmermann,rtimmermannfn@photobucket.com,Non-binary,Stronghold
565,Gilberta,Eaken,geakenfo@posterous.com,Genderqueer,Redhold
566,Nanine,Conisbee,nconisbeefp@mail.ru,Polygender,Flexidy
567,Cyndia,Fenge,cfengefq@simplemachines.org,Agender,Cardify
568,Beatrice,Bazell,bbazellfr@mayoclinic.com,Genderfluid,Konklux
569,Stanton,Siuda,ssiudafs@globo.com,Agender,Quo Lux
570,Sharon,Vaszoly,svaszolyft@amazon.co.uk,Non-binary,Zontrax
571,Latrena,Cansfield,lcansfieldfu@vinaora.com,Genderfluid,Bytecard
572,Mindy,Attwater,mattwaterfv@yellowpages.com,Male,Tin
573,Renate,Howley,rhowleyfw@tuttocitta.it,Genderfluid,Y-find
574,Pierce,Cheesman,pcheesmanfx@123-reg.co.uk,Agender,Zaam-Dox
575,Malia,Sherville,mshervillefy@hexun.com,Agender,Zamit
576,Aloysius,Stower,astowerfz@nhs.uk,Genderfluid,Latlux
577,Stefano,Bernardoni,sbernardonig0@quantcast.com,Male,Daltfresh
578,Gil,Stummeyer,gstummeyerg1@unesco.org,Bigender,Regrant
579,Catherin,Bowers,cbowersg2@census.gov,Male,Andalax
580,Ellissa,Choppin,echopping3@wikispaces.com,Bigender,Cookley
581,Cirstoforo,Sigfrid,csigfridg4@bing.com,Male,Tresom
582,Eberhard,Jarmyn,ejarmyng5@g.co,Genderfluid,Treeflex
583,Matthew,Bayles,mbaylesg6@sohu.com,Bigender,Zontrax
584,Johnath,Gallamore,jgallamoreg7@shareasale.com,Agender,Job
585,Ines,Marages,imaragesg8@java.com,Bigender,Gembucket
586,Jodee,Breache,jbreacheg9@hhs.gov,Female,Bytecard
587,Webster,Goodding,wgooddingga@economist.com,Male,Treeflex
588,Vaclav,Dobney,vdobneygb@tuttocitta.it,Male,Fix San
589,Witty,Congreve,wcongrevegc@de.vu,Male,Opela
590,Gilda,Bacon,gbacongd@networksolutions.com,Genderqueer,Bytecard
591,Davon,Castellaccio,dcastellaccioge@tamu.edu,Bigender,Tempsoft
592,Ardenia,Choldcroft,acholdcroftgf@desdev.cn,Genderfluid,Zamit
593,Clyve,Nawton,cnawtongg@webs.com,Agender,Job
594,Rosamond,Ludovico,rludovicogh@4shared.com,Agender,Redhold
595,Artus,Langworthy,alangworthygi@slideshare.net,Bigender,Fix San
596,Cherrita,Lehrer,clehrergj@illinois.edu,Bigender,Matsoft
597,Robbert,Kauschke,rkauschkegk@dagondesign.com,Non-binary,Ronstring
598,Nancy,Kilfeder,nkilfedergl@mashable.com,Male,Job
599,Raphael,Duerden,rduerdengm@wp.com,Bigender,Temp
600,Giacinta,Wallis,gwallisgn@cocolog-nifty.com,Male,Domainer
601,Gregory,Bullant,gbullantgo@nsw.gov.au,Genderfluid,Veribet
602,Noble,Verralls,nverrallsgp@yahoo.co.jp,Agender,Pannier
603,Sterne,Bome,sbomegq@google.nl,Genderfluid,Solarbreeze
604,Carlie,Benedtti,cbenedttigr@timesonline.co.uk,Male,Biodex
605,Natal,Jarrad,njarradgs@typepad.com,Genderqueer,Vagram
606,Eilis,Schwandt,eschwandtgt@histats.com,Male,Kanlam
607,Torie,Goodreid,tgoodreidgu@reference.com,Female,Domainer
608,Rhett,Mechic,rmechicgv@answers.com,Polygender,Sonair
609,Lavina,Fausch,lfauschgw@t.co,Genderfluid,Regrant
610,Cesar,Figure,cfiguregx@ycombinator.com,Female,Mat Lam Tam
611,Allina,Surtees,asurteesgy@hugedomains.com,Non-binary,Tresom
612,Tawnya,Gosnold,tgosnoldgz@google.com.au,Agender,Otcom
613,Erv,Torrisi,etorrisih0@spiegel.de,Genderfluid,Zathin
614,Marlin,Gilcriest,mgilcriesth1@issuu.com,Male,Bigtax
615,Fawn,Parffrey,fparffreyh2@virginia.edu,Non-binary,Tresom
616,Annemarie,Pibworth,apibworthh3@samsung.com,Bigender,Veribet
617,Jeanine,Everett,jeveretth4@angelfire.com,Non-binary,Mat Lam Tam
618,Giraldo,Genny,ggennyh5@gnu.org,Female,Konklux
619,Domini,Luis,dluish6@spotify.com,Genderqueer,Cardguard
620,Nevins,Abbie,nabbieh7@skype.com,Male,Transcof
621,Daisey,Feldklein,dfeldkleinh8@auda.org.au,Agender,Fixflex
622,Curcio,Start,cstarth9@java.com,Polygender,Opela
623,Nevin,Dowzell,ndowzellha@prlog.org,Agender,Daltfresh
624,Sapphire,Morat,smorathb@utexas.edu,Genderqueer,Greenlam
625,Lorinda,Davet,ldavethc@ovh.net,Non-binary,Fixflex
626,Pennie,Bradnick,pbradnickhd@addthis.com,Male,Trippledex
627,Bradley,Cossons,bcossonshe@fotki.com,Male,Toughjoyfax
628,Cherry,Kemble,ckemblehf@csmonitor.com,Female,Home Ing
629,Gwenette,Geldard,ggeldardhg@elpais.com,Agender,Konklux
630,Millie,Twamley,mtwamleyhh@hud.gov,Genderqueer,Keylex
631,Corty,Crepin,ccrepinhi@msu.edu,Female,Alpha
632,Lorrie,Hull,lhullhj@vkontakte.ru,Genderfluid,Zontrax
633,Artemas,Brigden,abrigdenhk@unc.edu,Non-binary,Y-Solowarm
634,Francois,Grimolbie,fgrimolbiehl@accuweather.com,Female,Bamity
635,Rory,Crich,rcrichhm@furl.net,Genderfluid,Sub-Ex
636,Wandie,Dutnall,wdutnallhn@etsy.com,Agender,Ronstring
637,Darn,Rodolf,drodolfho@thetimes.co.uk,Male,Tin
638,Carling,De Castri,cdecastrihp@elegantthemes.com,Non-binary,Flowdesk
639,Yuri,Vost,yvosthq@yellowpages.com,Genderqueer,Stringtough
640,Yale,Pygott,ypygotthr@shutterfly.com,Agender,Andalax
641,Reg,Brounfield,rbrounfieldhs@liveinternet.ru,Genderfluid,Regrant
642,Kaia,Wathen,kwathenht@army.mil,Male,Kanlam
643,Vincenty,Yantsev,vyantsevhu@weather.com,Bigender,Bytecard
644,Anallese,Macrow,amacrowhv@geocities.jp,Polygender,Lotlux
645,Lottie,Pimm,lpimmhw@nyu.edu,Polygender,Bitwolf
646,Jorie,Joice,jjoicehx@instagram.com,Non-binary,Domainer
647,Levi,Grice,lgricehy@wiley.com,Bigender,Span
648,William,Wale,wwalehz@symantec.com,Polygender,Alphazap
649,Jade,Moules,jmoulesi0@mayoclinic.com,Female,Toughjoyfax
650,Shanan,Kennermann,skennermanni1@dailymotion.com,Male,Otcom
651,Irving,Balderson,ibaldersoni2@4shared.com,Female,Bytecard
652,Kristi,Ferrieres,kferrieresi3@msu.edu,Bigender,Gembucket
653,Frieda,Perocci,fperoccii4@tumblr.com,Non-binary,Keylex
654,Teena,Filippo,tfilippoi5@fastcompany.com,Bigender,Tresom
655,Sissie,Caff,scaffi6@bandcamp.com,Male,Sonair
656,Corby,Brouwer,cbrouweri7@ask.com,Genderfluid,Biodex
657,Roch,Massey,rmasseyi8@unc.edu,Agender,Temp
658,Hakeem,Dowdney,hdowdneyi9@people.com.cn,Genderfluid,Zathin
659,Sarette,Scotting,sscottingia@furl.net,Genderfluid,Zathin
660,Sunny,Matussov,smatussovib@elegantthemes.com,Bigender,Cardify
661,Kinna,Spoole,kspooleic@zdnet.com,Female,Solarbreeze
662,Clovis,Spackman,cspackmanid@diigo.com,Bigender,Mat Lam Tam
663,Willa,Ely,welyie@state.gov,Agender,Flexidy
664,Kara,Porcas,kporcasif@prweb.com,Bigender,Fintone
665,Joshuah,Magenny,jmagennyig@sfgate.com,Female,Span
666,Orlan,Edwards,oedwardsih@state.gov,Polygender,Konklux
667,Yuma,Cridge,ycridgeii@bizjournals.com,Agender,Flowdesk
668,Adrianne,Breeton,abreetonij@biglobe.ne.jp,Polygender,Prodder
669,Osbourn,McIlhone,omcilhoneik@mashable.com,Genderfluid,Gembucket
670,Von,Rossborough,vrossboroughil@creativecommons.org,Non-binary,Span
671,Merilee,Tapley,mtapleyim@about.me,Male,Cookley
672,Tye,Beinisch,tbeinischin@usatoday.com,Genderqueer,Voyatouch
673,Suellen,Andric,sandricio@surveymonkey.com,Non-binary,Andalax
674,Avigdor,Burrus,aburrusip@ucsd.edu,Genderqueer,Ventosanzap
675,Felicle,Mowatt,fmowattiq@google.fr,Non-binary,Hatity
676,Fabio,Privost,fprivostir@weather.com,Genderqueer,Subin
677,Beck,Phifer,bphiferis@devhub.com,Agender,Stim
678,Blondy,Redihalgh,bredihalghit@oracle.com,Female,Fix San
679,Rhea,Pavlovic,rpavloviciu@cnn.com,Female,Y-find
680,Karena,Seller,kselleriv@uol.com.br,Female,Holdlamis
681,Ursula,Castrillo,ucastrilloiw@cisco.com,Female,Sonair
682,Margarete,Janeczek,mjaneczekix@cbslocal.com,Non-binary,Bitwolf
683,Bettye,Battison,bbattisoniy@oakley.com,Male,Bigtax
684,Isadore,Lempertz,ilempertziz@dyndns.org,Genderfluid,Fixflex
685,Kippie,Knoller,kknollerj0@ucla.edu,Agender,Gembucket
686,Zea,Trevino,ztrevinoj1@about.com,Bigender,Vagram
687,Torey,Kwietak,tkwietakj2@ustream.tv,Genderfluid,Fix San
688,Brander,Inglesfield,binglesfieldj3@php.net,Bigender,Zamit
689,Lemmie,Campelli,lcampellij4@yellowpages.com,Non-binary,Bitchip
690,Maye,Wigfield,mwigfieldj5@slideshare.net,Non-binary,Stim
691,Lawry,McLleese,lmclleesej6@auda.org.au,Genderqueer,Tampflex
692,Harbert,Tayloe,htayloej7@jalbum.net,Bigender,Sonair
693,Marijn,Gilliland,mgillilandj8@cafepress.com,Bigender,Ronstring
694,Tate,Cassidy,tcassidyj9@jiathis.com,Polygender,Treeflex
695,Bayard,Hartus,bhartusja@fda.gov,Non-binary,Redhold
696,Hashim,Vear,hvearjb@ucla.edu,Female,Lotlux
697,Martie,Arghent,marghentjc@sohu.com,Female,Keylex
698,Koral,Greeno,kgreenojd@google.pl,Genderfluid,Kanlam
699,Marin,Leport,mleportje@meetup.com,Non-binary,Redhold
700,Lorilee,Thomerson,lthomersonjf@shinystat.com,Male,Sub-Ex
701,Lilia,Server,lserverjg@addtoany.com,Non-binary,Lotlux
702,Amanda,Jarrell,ajarrelljh@java.com,Bigender,Pannier
703,Royal,Mc Cahey,rmccaheyji@economist.com,Genderfluid,Voltsillam
704,Rusty,MacIlraith,rmacilraithjj@discuz.net,Female,Alpha
705,Caron,Poli,cpolijk@usnews.com,Polygender,Flowdesk
706,Gabriele,Dancey,gdanceyjl@geocities.com,Agender,Lotstring
707,Agnesse,Pessolt,apessoltjm@networkadvertising.org,Bigender,Regrant
708,Vita,Bayne,vbaynejn@google.it,Male,Gembucket
709,Ado,Andrzejowski,aandrzejowskijo@pen.io,Bigender,Voyatouch
710,Carola,Antosik,cantosikjp@wired.com,Male,Stringtough
711,Marianna,Tarpey,mtarpeyjq@istockphoto.com,Polygender,Trippledex
712,Gregorio,Ulyatt,gulyattjr@skype.com,Male,Hatity
713,Ralina,Crock,rcrockjs@ucsd.edu,Polygender,Mat Lam Tam
714,Cleo,Coles,ccolesjt@statcounter.com,Non-binary,Flowdesk
715,Roselia,Ninnis,rninnisju@nature.com,Male,Temp
716,Mirilla,St. Aubyn,mstaubynjv@google.com.au,Genderfluid,Gembucket
717,Egbert,Keaveney,ekeaveneyjw@list-manage.com,Genderfluid,Zaam-Dox
718,Candi,Considine,cconsidinejx@fotki.com,Non-binary,Cookley
719,Sibyl,Haquard,shaquardjy@devhub.com,Male,Otcom
720,Iago,Strudwick,istrudwickjz@go.com,Female,Voyatouch
721,May,Yaxley,myaxleyk0@sohu.com,Agender,Aerified
722,Hope,Putnam,hputnamk1@phoca.cz,Female,Voltsillam
723,Tammie,Tookey,ttookeyk2@wp.com,Polygender,Matsoft
724,Antonia,Merill,amerillk3@google.com.au,Non-binary,Span
725,Gennie,Jenk,gjenkk4@fc2.com,Non-binary,Fintone
726,Daffie,Greenwood,dgreenwoodk5@google.fr,Agender,Prodder
727,Malva,Goskar,mgoskark6@free.fr,Polygender,Biodex
728,Randall,Caine,rcainek7@photobucket.com,Non-binary,Hatity
729,Neddie,Kuna,nkunak8@quantcast.com,Male,Mat Lam Tam
730,Rora,McGaw,rmcgawk9@gov.uk,Genderfluid,Aerified
731,Dulsea,Anthill,danthillka@virginia.edu,Genderqueer,Prodder
732,Raimondo,Scoyles,rscoyleskb@ezinearticles.com,Genderqueer,Regrant
733,Caressa,Andreolli,candreollikc@google.co.jp,Female,Job
734,Cleopatra,Silcox,csilcoxkd@seattletimes.com,Non-binary,Sub-Ex
735,Cammi,Berford,cberfordke@1und1.de,Genderfluid,Tresom
736,Billi,Juorio,bjuoriokf@wisc.edu,Non-binary,Voyatouch
737,Lelia,Tethcote,ltethcotekg@yellowbook.com,Male,Zaam-Dox
738,Timmy,Cossington,tcossingtonkh@purevolume.com,Agender,Namfix
739,Bebe,Ransfield,bransfieldki@drupal.org,Agender,Prodder
740,Colleen,Bryan,cbryankj@netvibes.com,Female,Domainer
741,Giordano,Bussey,gbusseykk@state.gov,Male,Zaam-Dox
742,Marje,Stear,mstearkl@t-online.de,Female,Sonsing
743,Beck,Bridywater,bbridywaterkm@networksolutions.com,Polygender,Zathin
744,Carmine,Esmond,cesmondkn@shop-pro.jp,Male,Asoka
745,Gene,Corner,gcornerko@altervista.org,Agender,Tin
746,Kristian,Turgoose,kturgoosekp@bandcamp.com,Genderfluid,Bitwolf
747,Earl,Greedier,egreedierkq@fotki.com,Female,Viva
748,Latisha,McGhee,lmcgheekr@digg.com,Non-binary,Cardguard
749,Neysa,Annon,nannonks@yolasite.com,Polygender,Pannier
750,Roselia,Scini,rscinikt@baidu.com,Polygender,Cardguard
751,Dexter,Wetherill,dwetherillku@msn.com,Genderqueer,Tempsoft
752,Silva,Ferretti,sferrettikv@umich.edu,Genderfluid,Bytecard
753,Heinrik,Hann,hhannkw@statcounter.com,Genderfluid,Bytecard
754,Selene,Stickels,sstickelskx@moonfruit.com,Agender,Redhold
755,Johnathon,Enriquez,jenriquezky@multiply.com,Genderfluid,Latlux
756,Coral,Hailwood,chailwoodkz@webmd.com,Male,Viva
757,Clary,Ludovico,cludovicol0@t.co,Genderfluid,Tresom
758,Maria,Rossiter,mrossiterl1@ucsd.edu,Agender,Zaam-Dox
759,Caril,Bibb,cbibbl2@bizjournals.com,Polygender,Latlux
760,Kerri,Oakwell,koakwelll3@constantcontact.com,Agender,Domainer
761,Chantal,Ottiwill,cottiwilll4@tuttocitta.it,Male,Cardguard
762,Corene,Jarrel,cjarrell5@goodreads.com,Bigender,Wrapsafe
763,Hart,Traylen,htraylenl6@odnoklassniki.ru,Female,Sonsing
764,Thoma,Cluff,tcluffl7@google.co.uk,Genderfluid,Subin
765,Nanny,Cacacie,ncacaciel8@cloudflare.com,Genderfluid,Pannier
766,Hoyt,Pirolini,hpirolinil9@adobe.com,Genderfluid,Veribet
767,Koenraad,McKinnell,kmckinnellla@fc2.com,Genderqueer,Daltfresh
768,Orran,Moyce,omoycelb@skyrock.com,Male,Bitwolf
769,Mannie,Carverhill,mcarverhilllc@tamu.edu,Genderqueer,Asoka
770,Rodi,McColl,rmccollld@rakuten.co.jp,Genderfluid,Aerified
771,Hattie,Duding,hdudingle@exblog.jp,Agender,Bitchip
772,Cathleen,Pendre,cpendrelf@clickbank.net,Non-binary,Temp
773,Abbie,Fairbrother,afairbrotherlg@over-blog.com,Male,Gembucket
774,Julian,Presslie,jpresslielh@europa.eu,Genderqueer,Matsoft
775,Franklin,Fyers,ffyersli@wired.com,Genderfluid,Sub-Ex
776,Germain,Lindenbluth,glindenbluthlj@yolasite.com,Female,Wrapsafe
777,Derril,Millhouse,dmillhouselk@samsung.com,Polygender,Cookley
778,Sutherlan,Piscopello,spiscopelloll@ox.ac.uk,Bigender,Voltsillam
779,Darb,Bree,dbreelm@rediff.com,Genderqueer,Biodex
780,Patrick,Trustie,ptrustieln@purevolume.com,Non-binary,Voyatouch
781,Brocky,Ashpital,bashpitallo@reverbnation.com,Genderqueer,Overhold
782,Berthe,Osgerby,bosgerbylp@marketwatch.com,Genderqueer,Wrapsafe
783,Odie,Martinie,omartinielq@slideshare.net,Male,Keylex
784,Damita,Bearcock,dbearcocklr@indiegogo.com,Genderfluid,Bitwolf
785,Fair,Samuel,fsamuells@ow.ly,Genderqueer,Bigtax
786,Shirleen,Spritt,ssprittlt@cisco.com,Genderfluid,Kanlam
787,Gallard,Deverale,gdeveralelu@icio.us,Genderfluid,Zathin
788,Brion,Tarver,btarverlv@gizmodo.com,Polygender,Sonair
789,Rosmunda,Lorroway,rlorrowaylw@list-manage.com,Non-binary,Daltfresh
790,Bella,Jakov,bjakovlx@chicagotribune.com,Female,Zamit
791,Bail,Noades,bnoadesly@economist.com,Bigender,Mat Lam Tam
792,Felipe,Barthrop,fbarthroplz@yandex.ru,Non-binary,Pannier
793,Charmane,Lindelof,clindelofm0@dailymail.co.uk,Polygender,Home Ing
794,Dorette,Freschini,dfreschinim1@aol.com,Male,Transcof
795,Kalle,O'Shavlan,koshavlanm2@quantcast.com,Male,Cardify
796,Ardella,Kordas,akordasm3@webeden.co.uk,Non-binary,Stronghold
797,Zonnya,Witard,zwitardm4@sina.com.cn,Male,Alpha
798,Reiko,Kenefick,rkenefickm5@abc.net.au,Polygender,Aerified
799,Clarisse,Helian,chelianm6@hud.gov,Genderqueer,Flowdesk
800,Oates,Howman,ohowmanm7@livejournal.com,Polygender,Zaam-Dox
801,Pearce,Rojahn,projahnm8@jiathis.com,Genderfluid,Bigtax
802,Ulla,Woodeson,uwoodesonm9@time.com,Agender,Zoolab
803,Cathyleen,Sherer,cshererma@theglobeandmail.com,Agender,Sonsing
804,Tailor,Kohnen,tkohnenmb@msn.com,Female,Holdlamis
805,Piotr,Edmand,pedmandmc@deviantart.com,Male,Kanlam
806,Abbye,Windous,awindousmd@t-online.de,Male,Voltsillam
807,Martynne,Deme,mdememe@slate.com,Bigender,Bigtax
808,Corene,Dunderdale,cdunderdalemf@berkeley.edu,Non-binary,Sub-Ex
809,Alexa,Dumbrall,adumbrallmg@sina.com.cn,Genderfluid,Konklab
810,Jeremy,Scanes,jscanesmh@a8.net,Non-binary,Mat Lam Tam
811,Lilas,Duffett,lduffettmi@last.fm,Non-binary,Bamity
812,Lou,Philot,lphilotmj@instagram.com,Genderfluid,Flexidy
813,Katleen,Croshaw,kcroshawmk@yale.edu,Bigender,Opela
814,Jodee,Haggerwood,jhaggerwoodml@people.com.cn,Agender,Redhold
815,Griffie,Zecchetti,gzecchettimm@mediafire.com,Agender,Kanlam
816,Case,Sammonds,csammondsmn@ucla.edu,Genderfluid,Asoka
817,Danit,Theze,dthezemo@icq.com,Bigender,Otcom
818,Fawne,Rain,frainmp@cargocollective.com,Genderfluid,Konklab
819,Algernon,Yedall,ayedallmq@wufoo.com,Female,Transcof
820,Georgetta,Demageard,gdemageardmr@hugedomains.com,Non-binary,Vagram
821,Bambi,Bestiman,bbestimanms@diigo.com,Non-binary,Fix San
822,Patrica,Doyle,pdoylemt@fc2.com,Male,Prodder
823,Carrissa,Tithacott,ctithacottmu@cbsnews.com,Agender,Quo Lux
824,Penelope,Labbey,plabbeymv@globo.com,Agender,Home Ing
825,Coleen,Manifould,cmanifouldmw@studiopress.com,Female,Flexidy
826,Hannis,Butlin,hbutlinmx@com.com,Genderfluid,Kanlam
827,Betteann,Meneer,bmeneermy@economist.com,Genderqueer,Ventosanzap
828,Rowland,Jumel,rjumelmz@prlog.org,Non-binary,Voyatouch
829,Celine,Jirieck,cjirieckn0@paypal.com,Non-binary,Sub-Ex
830,Jaquenetta,McGinn,jmcginnn1@state.gov,Female,Stim
831,Hy,Domingues,hdominguesn2@gravatar.com,Polygender,Zaam-Dox
832,Mahala,Reaney,mreaneyn3@yolasite.com,Female,Alphazap
833,Lil,Summons,lsummonsn4@github.io,Non-binary,Solarbreeze
834,Ollie,Rase,orasen5@buzzfeed.com,Bigender,Vagram
835,Jone,Utting,juttingn6@mozilla.org,Polygender,Stringtough
836,Veriee,Moulder,vmouldern7@businessweek.com,Female,Hatity
837,Kellina,Prettejohns,kprettejohnsn8@toplist.cz,Genderfluid,Wrapsafe
838,Arman,Woodson,awoodsonn9@constantcontact.com,Agender,Duobam
839,Susi,Kolinsky,skolinskyna@ezinearticles.com,Genderqueer,Viva
840,Kimmie,De Cleyne,kdecleynenb@lulu.com,Genderqueer,Duobam
841,Layton,Ferrey,lferreync@intel.com,Bigender,Transcof
842,Hubie,Woodeson,hwoodesonnd@so-net.ne.jp,Genderfluid,Tres-Zap
843,Emmy,Wevell,ewevellne@woothemes.com,Male,Home Ing
844,Cacilia,Villa,cvillanf@wufoo.com,Agender,Sonair
845,Juliette,Aukland,jauklandng@ucla.edu,Female,Konklux
846,Peggy,Comellini,pcomellininh@vinaora.com,Genderfluid,Duobam
847,Emeline,Kiddey,ekiddeyni@dmoz.org,Agender,Greenlam
848,Susette,Goodson,sgoodsonnj@shareasale.com,Genderfluid,Y-Solowarm
849,Sasha,Rustman,srustmannk@fema.gov,Non-binary,Regrant
850,Katuscha,Awcoate,kawcoatenl@ftc.gov,Female,Holdlamis
851,Rozella,Bruggeman,rbruggemannm@indiatimes.com,Agender,Regrant
852,Yorgo,Kobes,ykobesnn@merriam-webster.com,Non-binary,Greenlam
853,Clemmy,Gladdin,cgladdinno@seesaa.net,Male,Alphazap
854,Sheila-kathryn,Wisher,swishernp@php.net,Genderqueer,Y-find
855,Angeline,Duddan,aduddannq@latimes.com,Bigender,Andalax
856,Aguistin,Grimbaldeston,agrimbaldestonnr@blinklist.com,Non-binary,Veribet
857,Rhody,Caldeiro,rcaldeirons@latimes.com,Female,Stringtough
858,Dorolice,Yitzhakof,dyitzhakofnt@usa.gov,Female,Bitchip
859,Binnie,Rablin,brablinnu@jalbum.net,Polygender,Opela
860,Siusan,McCahill,smccahillnv@is.gd,Bigender,Andalax
861,Leia,Ollive,lollivenw@yellowpages.com,Female,Overhold
862,Eula,Pigot,epigotnx@jugem.jp,Genderqueer,Redhold
863,Kristi,Littlefair,klittlefairny@blogs.com,Genderqueer,Sonair
864,Bevan,Grishukhin,bgrishukhinnz@hao123.com,Genderqueer,Aerified
865,Else,Slocombe,eslocombeo0@hatena.ne.jp,Bigender,Mat Lam Tam
866,Stevena,Kiwitz,skiwitzo1@google.it,Male,Zoolab
867,Arlinda,Laffan,alaffano2@adobe.com,Agender,Gembucket
868,Joletta,Leaman,jleamano3@friendfeed.com,Genderqueer,Temp
869,Denyse,Atwood,datwoodo4@google.ca,Non-binary,Bamity
870,Clayson,Dreelan,cdreelano5@nationalgeographic.com,Bigender,Bitchip
871,Ivy,Graddell,igraddello6@timesonline.co.uk,Female,Quo Lux
872,Kay,Rapa,krapao7@cpanel.net,Agender,Veribet
873,Vincents,Daintree,vdaintreeo8@over-blog.com,Polygender,Solarbreeze
874,Marysa,Di Ruggiero,mdiruggieroo9@msu.edu,Polygender,Overhold
875,Zak,Amoss,zamossoa@jimdo.com,Male,Quo Lux
876,Noemi,Priden,npridenob@pen.io,Non-binary,Zoolab
877,Nolan,McGow,nmcgowoc@ucla.edu,Genderqueer,Viva
878,Merilee,Jakel,mjakelod@cbsnews.com,Polygender,Stronghold
879,Stoddard,Kyteley,skyteleyoe@joomla.org,Bigender,Flexidy
880,Tobias,Frise,tfriseof@usgs.gov,Polygender,Pannier
881,Min,Trowsdale,mtrowsdaleog@whitehouse.gov,Bigender,Tempsoft
882,Boycey,Bartkiewicz,bbartkiewiczoh@ocn.ne.jp,Female,Veribet
883,Godart,Howsin,ghowsinoi@freewebs.com,Polygender,Zaam-Dox
884,Leonid,Durrand,ldurrandoj@icq.com,Genderqueer,Tin
885,Padraig,Kleyn,pkleynok@amazon.com,Male,Y-Solowarm
886,Aurea,Foker,afokerol@ucsd.edu,Agender,Tres-Zap
887,Bernetta,Whyler,bwhylerom@chronoengine.com,Bigender,Rank
888,Livvie,Spary,lsparyon@ftc.gov,Male,Gembucket
889,Kizzee,MattiCCI,kmatticcioo@ebay.com,Polygender,Greenlam
890,Nerissa,Leachman,nleachmanop@amazon.co.jp,Agender,Zontrax
891,Lucretia,Chastang,lchastangoq@google.com,Agender,Otcom
892,Junette,Millbank,jmillbankor@livejournal.com,Agender,Tres-Zap
893,Karola,Tither,ktitheros@xing.com,Agender,Y-find
894,Aeriel,Strick,astrickot@ow.ly,Bigender,Biodex
895,Dionysus,Riccione,driccioneou@bizjournals.com,Genderfluid,Pannier
896,Tab,Chatin,tchatinov@seattletimes.com,Genderfluid,Tempsoft
897,Bryn,Rowlson,browlsonow@t.co,Genderfluid,Tampflex
898,Sharron,Davenell,sdavenellox@craigslist.org,Male,Viva
899,Guinna,McPhillimey,gmcphillimeyoy@hc360.com,Agender,Gembucket
900,Olva,Laviste,olavisteoz@unesco.org,Agender,Zoolab
901,Adrian,Lowcock,alowcockp0@php.net,Polygender,Holdlamis
902,Valerie,Cundey,vcundeyp1@ca.gov,Male,Duobam
903,Waite,Staveley,wstaveleyp2@geocities.jp,Genderqueer,Bamity
904,Hermann,Neilands,hneilandsp3@buzzfeed.com,Agender,Stim
905,Jammie,Carff,jcarffp4@issuu.com,Male,Tin
906,Locke,Nelligan,lnelliganp5@biglobe.ne.jp,Female,Zoolab
907,Abel,Renton,arentonp6@wired.com,Genderfluid,Daltfresh
908,Nerte,Khalid,nkhalidp7@ebay.co.uk,Genderfluid,Konklux
909,Caro,Pridden,cpriddenp8@tinypic.com,Female,It
910,Anton,Labrone,alabronep9@wikia.com,Male,Tres-Zap
911,Kippar,Leneham,klenehampa@bbb.org,Genderfluid,Home Ing
912,Mara,Mobbs,mmobbspb@unesco.org,Genderfluid,Stronghold
913,Flinn,Gotthard.sf,fgotthardsfpc@bigcartel.com,Polygender,Sonair
914,Ardys,Jencey,ajenceypd@latimes.com,Female,Job
915,Darrick,Allman,dallmanpe@telegraph.co.uk,Genderfluid,Tin
916,Bamby,Redish,bredishpf@mac.com,Polygender,Mat Lam Tam
917,Konstantine,Woloschin,kwoloschinpg@dailymail.co.uk,Agender,Job
918,Tybalt,De Freitas,tdefreitasph@unblog.fr,Non-binary,Redhold
919,Calli,Ness,cnesspi@freewebs.com,Male,Zamit
920,Devin,Gutherson,dguthersonpj@free.fr,Genderfluid,Job
921,Ardelle,Geerdts,ageerdtspk@nba.com,Male,Temp
922,Harley,Khrishtafovich,hkhrishtafovichpl@infoseek.co.jp,Genderqueer,Fintone
923,Averyl,Fairbrace,afairbracepm@hexun.com,Male,Lotstring
924,Maurice,Snape,msnapepn@aboutads.info,Genderfluid,Duobam
925,Pennie,Crooks,pcrookspo@stanford.edu,Female,Treeflex
926,Sasha,Proudlock,sproudlockpp@home.pl,Female,Stringtough
927,Etan,Gatsby,egatsbypq@abc.net.au,Genderqueer,Y-Solowarm
928,Leanna,Aspital,laspitalpr@ucla.edu,Genderqueer,Cookley
929,Veriee,Bacup,vbacupps@wired.com,Agender,Treeflex
930,Ellen,Etty,eettypt@dmoz.org,Male,Fix San
931,Elysee,Radmore,eradmorepu@ucsd.edu,Bigender,Latlux
932,Kamillah,Pardi,kpardipv@opera.com,Genderqueer,Y-Solowarm
933,Giffer,Remer,gremerpw@mapy.cz,Polygender,Fix San
934,Sheelah,Marcq,smarcqpx@dmoz.org,Genderqueer,Bamity
935,Pail,Sinott,psinottpy@cnet.com,Female,Domainer
936,Xavier,Klaus,xklauspz@vinaora.com,Non-binary,Span
937,Sutton,Darrigrand,sdarrigrandq0@miibeian.gov.cn,Male,Regrant
938,Eberhard,Mc Harg,emchargq1@ft.com,Female,Fix San
939,Debor,Trude,dtrudeq2@weebly.com,Female,Rank
940,Hort,Morter,hmorterq3@irs.gov,Bigender,Viva
941,Olympia,Gosselin,ogosselinq4@independent.co.uk,Male,Subin
942,Roobbie,Simmonett,rsimmonettq5@ibm.com,Polygender,Sonsing
943,Sayres,Wybrew,swybrewq6@t.co,Female,Treeflex
944,Fedora,Scotchforth,fscotchforthq7@g.co,Genderqueer,Matsoft
945,Cchaddie,Pechan,cpechanq8@cornell.edu,Genderfluid,Kanlam
946,Melosa,Guillain,mguillainq9@newsvine.com,Non-binary,Stringtough
947,Martainn,Lodge,mlodgeqa@china.com.cn,Non-binary,Zontrax
948,Sergent,Glayzer,sglayzerqb@omniture.com,Agender,Treeflex
949,Rhona,Costain,rcostainqc@unc.edu,Polygender,Redhold
950,Bonita,Dare,bdareqd@shop-pro.jp,Polygender,Biodex
951,Yuma,Idel,yidelqe@epa.gov,Agender,Solarbreeze
952,Milly,Hadwin,mhadwinqf@microsoft.com,Non-binary,Andalax
953,Kain,Rogerot,krogerotqg@gravatar.com,Polygender,Flexidy
954,Debbie,Harrowsmith,dharrowsmithqh@cdbaby.com,Bigender,Sonsing
955,Rutherford,Comelli,rcomelliqi@fc2.com,Female,Zamit
956,Lisbeth,Sumner,lsumnerqj@mayoclinic.com,Genderqueer,Ventosanzap
957,Nikolas,Allot,nallotqk@auda.org.au,Genderqueer,Zoolab
958,Ronica,Mountney,rmountneyql@nifty.com,Genderfluid,Voltsillam
959,Jaime,Tonge,jtongeqm@boston.com,Polygender,Stronghold
960,Jessa,Turfrey,jturfreyqn@cyberchimps.com,Genderfluid,Tin
961,Daisi,Tilbey,dtilbeyqo@tripod.com,Non-binary,Pannier
962,Rivy,Frid,rfridqp@blogs.com,Male,Flexidy
963,Ciel,MacQueen,cmacqueenqq@bloomberg.com,Genderfluid,Kanlam
964,Janice,MacParland,jmacparlandqr@hp.com,Polygender,Greenlam
965,Simmonds,Stoke,sstokeqs@npr.org,Agender,Y-Solowarm
966,Jourdan,Klimas,jklimasqt@clickbank.net,Agender,Solarbreeze
967,Kaiser,Doelle,kdoellequ@sbwire.com,Agender,Bamity
968,Inglis,Lashbrook,ilashbrookqv@ow.ly,Polygender,It
969,Livy,Zanetti,lzanettiqw@cocolog-nifty.com,Genderfluid,Sonsing
970,Melody,Polak,mpolakqx@geocities.jp,Agender,Y-find
971,Gilemette,deKnevet,gdeknevetqy@sakura.ne.jp,Bigender,Andalax
972,Orlan,Jelks,ojelksqz@domainmarket.com,Non-binary,Zamit
973,Karney,Jefferson,kjeffersonr0@mozilla.org,Female,Fixflex
974,Rowena,Moukes,rmoukesr1@hao123.com,Female,Treeflex
975,Adrienne,Colcutt,acolcuttr2@tamu.edu,Bigender,Holdlamis
976,Allsun,Hankin,ahankinr3@yelp.com,Genderfluid,Tampflex
977,Eyde,Cockin,ecockinr4@google.ru,Female,Bigtax
978,Kelsey,Handman,khandmanr5@berkeley.edu,Female,Home Ing
979,Maurie,Weatherhill,mweatherhillr6@diigo.com,Genderqueer,Alpha
980,Galen,D'Avaux,gdavauxr7@hhs.gov,Polygender,Lotlux
981,Domenic,Gajewski,dgajewskir8@taobao.com,Bigender,Y-Solowarm
982,Silvana,Scotchmer,sscotchmerr9@goo.gl,Genderfluid,Regrant
983,Magda,Kelberer,mkelbererra@google.ca,Agender,Duobam
984,Urbain,Merring,umerringrb@naver.com,Bigender,Cardguard
985,Lynnea,Bourhill,lbourhillrc@gravatar.com,Agender,Toughjoyfax
986,Nelly,Delouch,ndelouchrd@comsenz.com,Genderqueer,Home Ing
987,Eddy,Youdell,eyoudellre@hao123.com,Non-binary,Sonsing
988,Sal,Brimble,sbrimblerf@miibeian.gov.cn,Agender,Biodex
989,Wylie,Salliss,wsallissrg@usnews.com,Genderqueer,Stim
990,Sigmund,Jump,sjumprh@pen.io,Genderqueer,Gembucket
991,Carlyle,Stokes,cstokesri@squarespace.com,Genderqueer,Voyatouch
992,Vivi,Aukland,vauklandrj@soup.io,Male,Fixflex
993,Patrick,O'Tuohy,potuohyrk@newsvine.com,Genderfluid,Lotlux
994,Peggie,Syrad,psyradrl@goodreads.com,Agender,Bigtax
995,Emlyn,Ormes,eormesrm@delicious.com,Polygender,Stronghold
996,Daria,Wyrall,dwyrallrn@angelfire.com,Bigender,Alpha
997,Tarra,Hall-Gough,thallgoughro@cpanel.net,Genderqueer,Subin
998,Dame,Gantzman,dgantzmanrp@who.int,Genderqueer,It
999,Freeland,Pagon,fpagonrq@nba.com,Bigender,Cookley
1000,Aldus,Whale,awhalerr@marketwatch.com,Genderqueer,Lotstring
